NAME_1,mono,poly,N,polyprev,ci.lower,ci.upper
Copperbelt,5,9,14,70,39.18591349,89.38551508
Eastern,1,15,16,90,81.8889885,105.6110115
Luapula,18,107,125,85,79.44512562,91.75487438
Muchinga,5,12,17,70.58823529,48.92824217,92.24822842
North-Western,4,12,16,75,53.78237761,96.21762239
Northern,3,17,20,82,69.35065497,100.649345
Western,12,18,30,67,42.46922706,77.53077294
